{"cameraMode":{"drawMode":0,"name":"Shaded","section":"Shading Mode"},"sceneLighting":false,"audioPlay":false,"sceneViewState":{"showFog":true,"showMaterialUpdate":false,"showSkybox":true,"showFlares":true,"showImageEffects":true,"showParticleSystems":true},"in2DMode":false,"pivot":{"x":-1.167137622833252,"y":0.4900050163269043,"z":0.05413532257080078},"rotation":{"x":0.3532998859882355,"y":0.10074922442436218,"z":-0.03830387815833092,"w":0.9292817115783691},"size":14.292411804199219,"orthographic":false}